id_hotel,name_hotel,Around_place,Around_time
h15129,"Martinique New York on Broadway, Curio Collection by Hilton",New York W 32nd St. Station,1
h15129,"Martinique New York on Broadway, Curio Collection by Hilton",34 St. Station (Herald Square),3
h15129,"Martinique New York on Broadway, Curio Collection by Hilton",LaGuardia Airport (LGA),162
h11668,Renaissance New York Midtown Hotel,34 St.Penn Station (Fashion Av.),2
h11668,Renaissance New York Midtown Hotel,Penn Station,6
h11668,Renaissance New York Midtown Hotel,John F. Kennedy Intl. Airport (JFK),306
h36712,Doubletree by Hilton New York Times Square South,34 St.Penn Station,3
h36712,Doubletree by Hilton New York Times Square South,Penn Station,5
h36712,Doubletree by Hilton New York Times Square South,John F. Kennedy Intl. Airport (JFK),300
h17117,"PUBLIC, an Ian Schrager hotel",2 Av. Station,2
h17117,"PUBLIC, an Ian Schrager hotel",New York 9th St. Station,18
h17117,"PUBLIC, an Ian Schrager hotel",John F. Kennedy Intl. Airport (JFK),300
h17924,Moxy NYC Times Square,34 St.Penn Station (Fashion Av.),3
h17924,Moxy NYC Times Square,New York W 32nd St. Station,7
h17924,Moxy NYC Times Square,LaGuardia Airport (LGA),168
h59504,"Club Quarters Hotel, Grand Central",Grand Central42 St. Station,7
h59504,"Club Quarters Hotel, Grand Central",5 Av Station (W. 42nd St.),9
h59504,"Club Quarters Hotel, Grand Central",John F. Kennedy Intl. Airport (JFK),282
h55092,"Holiday Inn Express New York - Manhattan West Side, an IHG Hotel",New York W 32nd St. Station,18
h55092,"Holiday Inn Express New York - Manhattan West Side, an IHG Hotel",50 St. Station (8th Av.),12
h55092,"Holiday Inn Express New York - Manhattan West Side, an IHG Hotel",LaGuardia Airport (LGA),228
h11718,Hilton Garden Inn New York Times Square North,4750 StsRockefeller Center Station,4
h11718,Hilton Garden Inn New York Times Square North,Grand Central42 St. Station,10
h11718,Hilton Garden Inn New York Times Square North,John F. Kennedy Intl. Airport (JFK),300
h17939,The James New York - NoMad,28 St. Station (Park Av. S),3
h17939,The James New York - NoMad,New York W 32nd St. Station,7
h17939,The James New York - NoMad,LaGuardia Airport (LGA),168
h79466,Hilton Garden Inn New York/Midtown Park Ave,33 St. Station (Park Av. S),5
h79466,Hilton Garden Inn New York/Midtown Park Ave,New York W 32nd St. Station,7
h79466,Hilton Garden Inn New York/Midtown Park Ave,LaGuardia Airport (LGA),150
h19681,Pod Times Square,Times Sq.42 St. Station,8
h19681,Pod Times Square,Penn Station,14
h19681,Pod Times Square,John F. Kennedy Intl. Airport (JFK),324
h23668,Hilton Garden Inn New York/West 35th Street,34 St. Station (Herald Square),2
h23668,Hilton Garden Inn New York/West 35th Street,New York W 32nd St. Station,4
h23668,Hilton Garden Inn New York/West 35th Street,LaGuardia Airport (LGA),162
h62560,Hotel Boutique at Grand Central,Grand Central42 St. Station,7
h62560,Hotel Boutique at Grand Central,5 Av Station (W. 42nd St.),9
h62560,Hotel Boutique at Grand Central,John F. Kennedy Intl. Airport (JFK),276
h37361,Sheraton Tribeca New York Hotel,Canal St. Station (W. Broadway),2
h37361,Sheraton Tribeca New York Hotel,New York Christopher St. Station,19
h37361,Sheraton Tribeca New York Hotel,LaGuardia Airport (LGA),180
h39286,"The Jewel, a Club Quarters Hotel, Opposite Rockefeller Center",4750 StsRockefeller Center Station,5
h39286,"The Jewel, a Club Quarters Hotel, Opposite Rockefeller Center",Grand Central42 St. Station,15
h39286,"The Jewel, a Club Quarters Hotel, Opposite Rockefeller Center",John F. Kennedy Intl. Airport (JFK),330
h10961,Hampton Inn Manhattan/Times Square Central,Times Sq.42 St. Station,2
h10961,Hampton Inn Manhattan/Times Square Central,Penn Station,11
h10961,Hampton Inn Manhattan/Times Square Central,John F. Kennedy Intl. Airport (JFK),324
h87406,Virgin Hotels New York City,28 St. Station (Broadway),2
h87406,Virgin Hotels New York City,New York W 32nd St. Station,3
h87406,Virgin Hotels New York City,John F. Kennedy Intl. Airport (JFK),300
h17432,Hilton Garden Inn New York Times Square South,34 St.Penn Station,5
h17432,Hilton Garden Inn New York Times Square South,Penn Station,7
h17432,Hilton Garden Inn New York Times Square South,LaGuardia Airport (LGA),192
h16233,Hilton Garden Inn New York/Manhattan-Chelsea,28 St. Station (7th Av.),2
h16233,Hilton Garden Inn New York/Manhattan-Chelsea,New York W 32nd St. Station,5
h16233,Hilton Garden Inn New York/Manhattan-Chelsea,LaGuardia Airport (LGA),180
h48669,Arlo Midtown,34 St.Penn Station,7
h48669,Arlo Midtown,Penn Station,9
h48669,Arlo Midtown,John F. Kennedy Intl. Airport (JFK),312
h18645,Four Points by Sheraton Manhattan SoHo Village,Houston St. Station,3
h18645,Four Points by Sheraton Manhattan SoHo Village,New York Christopher St. Station,11
h18645,Four Points by Sheraton Manhattan SoHo Village,John F. Kennedy Intl. Airport (JFK),300
h24245,Paramount Times Square,49th St. Station,3
h24245,Paramount Times Square,Penn Station,16
h24245,Paramount Times Square,LaGuardia Airport (LGA),192
h53399,"Club Quarters, Times Square - Midtown",5 Av Station (W. 42nd St.),4
h53399,"Club Quarters, Times Square - Midtown",Grand Central42 St. Station,11
h53399,"Club Quarters, Times Square - Midtown",LaGuardia Airport (LGA),186
h38772,Element New York Times Square West,Times Sq.42 St. Station,6
h38772,Element New York Times Square West,Penn Station,8
h38772,Element New York Times Square West,John F. Kennedy Intl. Airport (JFK),324
h12521,Arlo NoMad,33 St. Station (Park Av. S),4
h12521,Arlo NoMad,New York W 32nd St. Station,6
h12521,Arlo NoMad,LaGuardia Airport (LGA),162
h30674,Fairfield Inn & Suites New York Manhattan/Times Square South,34 St.Penn Station,4
h30674,Fairfield Inn & Suites New York Manhattan/Times Square South,Penn Station,6
h30674,Fairfield Inn & Suites New York Manhattan/Times Square South,John F. Kennedy Intl. Airport (JFK),306
h23677,Hyatt Grand Central New York,Grand Central42 St. Station,5
h23677,Hyatt Grand Central New York,5 Av Station (W. 42nd St.),9
h23677,Hyatt Grand Central New York,LaGuardia Airport (LGA),144
h68272,Pendry Manhattan West,34th Street–Hudson Yards Station,4
h68272,Pendry Manhattan West,Penn Station,7
h68272,Pendry Manhattan West,John F. Kennedy Intl. Airport (JFK),342
h17793,Mondrian Park Avenue,33 St. Station (Park Av. S),2
h17793,Mondrian Park Avenue,New York W 32nd St. Station,9
h17793,Mondrian Park Avenue,LaGuardia Airport (LGA),150
h30162,"Club Quarters Hotel, World Trade Center",Rector St. Station (Greenwich St.),3
h30162,"Club Quarters Hotel, World Trade Center",New York Christopher St. Station,24
h30162,"Club Quarters Hotel, World Trade Center",John F. Kennedy Intl. Airport (JFK),264
h36942,Courtyard by Marriott New York Downtown Manhattan/Financial District,New York Christopher St. Station,30
h36942,Courtyard by Marriott New York Downtown Manhattan/Financial District,Wall St. Station,5
h36942,Courtyard by Marriott New York Downtown Manhattan/Financial District,John F. Kennedy Intl. Airport (JFK),276
h37842,Hyatt Place New York City/Times Square,34 St.Penn Station,7
h37842,Hyatt Place New York City/Times Square,Penn Station,9
h37842,Hyatt Place New York City/Times Square,LaGuardia Airport (LGA),186
h35234,Wingate by Wyndham New York Midtown South/5th Ave,34 St. Station (Herald Square),6
h35234,Wingate by Wyndham New York Midtown South/5th Ave,New York W 32nd St. Station,7
h35234,Wingate by Wyndham New York Midtown South/5th Ave,John F. Kennedy Intl. Airport (JFK),294
h42333,Hilton New York Times Square,Times Sq.42 St. Station,2
h42333,Hilton New York Times Square,New York W 32nd St. Station,12
h42333,Hilton New York Times Square,John F. Kennedy Intl. Airport (JFK),300
h19987,Courtyard by Marriott New York World Trade Center Area,Rector St. Station (Greenwich St.),1
h19987,Courtyard by Marriott New York World Trade Center Area,New York Christopher St. Station,30
h19987,Courtyard by Marriott New York World Trade Center Area,John F. Kennedy Intl. Airport (JFK),276
h67637,Archer Hotel New York,Culture Espresso,1
h67637,Archer Hotel New York,Refinery Rooftop,1
h67637,Archer Hotel New York,Parker & Quinn,3
h67637,Archer Hotel New York,Chick-Fil-A,2
h67637,Archer Hotel New York,Yifang Taiwan Fruit Tea,2
h34488,Courtyard by Marriott New York Manhattan/Midtown West,34th Street–Hudson Yards Station,3
h34488,Courtyard by Marriott New York Manhattan/Midtown West,Penn Station,9
h34488,Courtyard by Marriott New York Manhattan/Midtown West,John F. Kennedy Intl. Airport (JFK),318
h20842,Ameritania Hotel at Times Square,50 St. Station (Broadway),2
h20842,Ameritania Hotel at Times Square,New York W 32nd St. Station,18
h20842,Ameritania Hotel at Times Square,John F. Kennedy Intl. Airport (JFK),330
h90868,The Flat NYC,New York 23rd St. Station,3
h90868,The Flat NYC,23 St. Station (5th Av.),3
h90868,The Flat NYC,LaGuardia Airport (LGA),180
h83569,citizenM New York Times Square,49th St. Station,5
h83569,citizenM New York Times Square,New York W 32nd St. Station,19
h83569,citizenM New York Times Square,John F. Kennedy Intl. Airport (JFK),324
h10624,Arlo SoHo,Canal St. Station (Varick St.),2
h10624,Arlo SoHo,New York Christopher St. Station,14
h10624,Arlo SoHo,LaGuardia Airport (LGA),198
h83702,Fairfield Inn New York Manhattan/Financial District,New York Christopher St. Station,36
h83702,Fairfield Inn New York Manhattan/Financial District,Wall St. Station,6
h83702,Fairfield Inn New York Manhattan/Financial District,LaGuardia Airport (LGA),174
h25987,"Marriott Vacation Club Pulse, New York City",34 St. Station (Herald Square),5
h25987,"Marriott Vacation Club Pulse, New York City",New York W 32nd St. Station,6
h25987,"Marriott Vacation Club Pulse, New York City",John F. Kennedy Intl. Airport (JFK),288
h24954,"Crowne Plaza Times Square Manhattan, an IHG Hotel",49th St. Station,2
h24954,"Crowne Plaza Times Square Manhattan, an IHG Hotel",New York W 32nd St. Station,17
h24954,"Crowne Plaza Times Square Manhattan, an IHG Hotel",LaGuardia Airport (LGA),198
h02896,New York LaGuardia Airport Marriott,111 St. Station (Roosevelt St.),18
h02896,New York LaGuardia Airport Marriott,Flushing Main St. Station,30
h02896,New York LaGuardia Airport Marriott,LaGuardia Airport (LGA),18
h60677,RIU Plaza Manhattan Times Square,49th St. Station,1
h60677,RIU Plaza Manhattan Times Square,Grand Central42 St. Station,15
h60677,RIU Plaza Manhattan Times Square,John F. Kennedy Intl. Airport (JFK),348
h36289,La Quinta Inn & Suites by Wyndham Times Square South,34 St.Penn Station,6
h36289,La Quinta Inn & Suites by Wyndham Times Square South,Penn Station,8
h36289,La Quinta Inn & Suites by Wyndham Times Square South,LaGuardia Airport (LGA),186
h11927,Fitzpatrick Grand Central,Grand Central42 St. Station,9
h11927,Fitzpatrick Grand Central,Lexington Av.-53 St. Station,10
h11927,Fitzpatrick Grand Central,LaGuardia Airport (LGA),156
h26457,Hotel 32 32,33 St. Station (Park Av. S),2
h26457,Hotel 32 32,New York W 32nd St. Station,6
h26457,Hotel 32 32,John F. Kennedy Intl. Airport (JFK),276
h73530,Radio Hotel,Bronx Tremont Station,18
h73530,Radio Hotel,181 St. Station (St. Nicholas Av.),4
h73530,Radio Hotel,John F. Kennedy Intl. Airport (JFK),270
h41823,The Frederick Hotel,Chambers St. Station (Hudson St.),1
h41823,The Frederick Hotel,New York Christopher St. Station,24
h41823,The Frederick Hotel,John F. Kennedy Intl. Airport (JFK),276
h27283,The Shelburne Sonesta New York,Grand Central42 St. Station,7
h27283,The Shelburne Sonesta New York,33 St. Station (Park Av. S),7
h27283,The Shelburne Sonesta New York,John F. Kennedy Intl. Airport (JFK),264
h27924,Conrad New York Midtown,7 Av. Station (E 53rd St.),2
h27924,Conrad New York Midtown,New York W 32nd St. Station,24
h27924,Conrad New York Midtown,John F. Kennedy Intl. Airport (JFK),324
h41198,Soho Grand Hotel,Canal St. Station (W. Broadway),2
h41198,Soho Grand Hotel,New York Christopher St. Station,19
h41198,Soho Grand Hotel,LaGuardia Airport (LGA),192
h54454,The Westin New York Grand Central,Grand Central42 St. Station,9
h54454,The Westin New York Grand Central,Lexington Av.-53 St. Station,12
h54454,The Westin New York Grand Central,LaGuardia Airport (LGA),144
h28041,Four Points by Sheraton Midtown-Times Square,Times Sq.42 St. Station,6
h28041,Four Points by Sheraton Midtown-Times Square,Penn Station,10
h28041,Four Points by Sheraton Midtown-Times Square,John F. Kennedy Intl. Airport (JFK),318
h31172,Hilton New York Fashion District,28 St. Station (7th Av.),3
h31172,Hilton New York Fashion District,New York 23rd St. Station,6
h31172,Hilton New York Fashion District,John F. Kennedy Intl. Airport (JFK),306
h10948,Executive Hotel Le Soleil New York,34 St. Station (Herald Square),4
h10948,Executive Hotel Le Soleil New York,New York W 32nd St. Station,6
h10948,Executive Hotel Le Soleil New York,John F. Kennedy Intl. Airport (JFK),276
h20571,"InterContinental New York Barclay, an IHG Hotel",Grand Central42 St. Station,7
h20571,"InterContinental New York Barclay, an IHG Hotel",Lexington Av.-53 St. Station,7
h20571,"InterContinental New York Barclay, an IHG Hotel",LaGuardia Airport (LGA),162
h39330,The Pearl New York,49th St. Station,4
h39330,The Pearl New York,Penn Station,19
h39330,The Pearl New York,LaGuardia Airport (LGA),210
h15513,The Hotel Chelsea,23 St. Station (7th Av.),1
h15513,The Hotel Chelsea,New York 23rd St. Station,4
h15513,The Hotel Chelsea,John F. Kennedy Intl. Airport (JFK),312
h19768,New York Hilton Midtown,5 Av.-53 St. Station,3
h19768,New York Hilton Midtown,Grand Central42 St. Station,19
h19768,New York Hilton Midtown,LaGuardia Airport (LGA),180
h41009,The New Yorker A Wyndham Hotel,34 St.Penn Station,1
h41009,The New Yorker A Wyndham Hotel,Penn Station,3
h41009,The New Yorker A Wyndham Hotel,John F. Kennedy Intl. Airport (JFK),300
h06260,Hotel Edison Times Square,49th St. Station,2
h06260,Hotel Edison Times Square,New York W 32nd St. Station,16
h06260,Hotel Edison Times Square,John F. Kennedy Intl. Airport (JFK),336
h17171,Embassy Suites by Hilton New York Manhattan Times Square,34 St. Station (Herald Square),4
h17171,Embassy Suites by Hilton New York Manhattan Times Square,New York W 32nd St. Station,6
h17171,Embassy Suites by Hilton New York Manhattan Times Square,John F. Kennedy Intl. Airport (JFK),288
h30161,World Center Hotel,Rector St. Station (Greenwich St.),3
h30161,World Center Hotel,New York Christopher St. Station,24
h30161,World Center Hotel,LaGuardia Airport (LGA),186
h19835,AC Hotel by Marriott New York Times Square,Times Sq.42 St. Station,4
h19835,AC Hotel by Marriott New York Times Square,Penn Station,9
h19835,AC Hotel by Marriott New York Times Square,John F. Kennedy Intl. Airport (JFK),306
h66525,Margaritaville Resort Times Square,Times Sq.42 St. Station,2
h66525,Margaritaville Resort Times Square,New York W 32nd St. Station,10
h66525,Margaritaville Resort Times Square,John F. Kennedy Intl. Airport (JFK),300
h32759,"Kimpton Hotel Eventi, an IHG Hotel",New York W 32nd St. Station,2
h32759,"Kimpton Hotel Eventi, an IHG Hotel",28 St. Station (Broadway),4
h32759,"Kimpton Hotel Eventi, an IHG Hotel",John F. Kennedy Intl. Airport (JFK),294
h83009,"Holiday Inn LIC LaGuardia West, an IHG Hotel",Long Island City Hunterspoint Avenue Station,18
h83009,"Holiday Inn LIC LaGuardia West, an IHG Hotel",21 St.Queensbridge Station,10
h83009,"Holiday Inn LIC LaGuardia West, an IHG Hotel",LaGuardia Airport (LGA),126
h14677,"EVEN Midtown East Grand Central, an IHG Hotel",Lexington Av.-53 St. Station,10
h14677,"EVEN Midtown East Grand Central, an IHG Hotel",Grand Central42 St. Station,11
h14677,"EVEN Midtown East Grand Central, an IHG Hotel",LaGuardia Airport (LGA),144
h20875,Freehand New York,23 St. Station (Park Av.),2
h20875,Freehand New York,New York 23rd St. Station,10
h20875,Freehand New York,John F. Kennedy Intl. Airport (JFK),282
h82937,Moxy NYC Lower East Side,Grand St. Station (Chrystie St.),2
h82937,Moxy NYC Lower East Side,New York 9th St. Station,24
h82937,Moxy NYC Lower East Side,John F. Kennedy Intl. Airport (JFK),306
h68301,Homewood Suites New York/Midtown Manhattan Times Square,34 St.Penn Station,4
h68301,Homewood Suites New York/Midtown Manhattan Times Square,Penn Station,6
h68301,Homewood Suites New York/Midtown Manhattan Times Square,LaGuardia Airport (LGA),192
h15838,New York Marriott Marquis,49th St. Station,2
h15838,New York Marriott Marquis,New York W 32nd St. Station,14
h15838,New York Marriott Marquis,LaGuardia Airport (LGA),210
h74284,Hilton Garden Inn New York/Times Square Central,Times Sq.42 St. Station,3
h74284,Hilton Garden Inn New York/Times Square Central,New York W 32nd St. Station,11
h74284,Hilton Garden Inn New York/Times Square Central,John F. Kennedy Intl. Airport (JFK),294
h22247,citizenM New York Bowery,Bowery St. Station,1
h22247,citizenM New York Bowery,New York 9th St. Station,18
h22247,citizenM New York Bowery,John F. Kennedy Intl. Airport (JFK),318
h60928,Courtyard New York Manhattan/Times Square West,34 St.Penn Station,4
h60928,Courtyard New York Manhattan/Times Square West,Penn Station,6
h60928,Courtyard New York Manhattan/Times Square West,John F. Kennedy Intl. Airport (JFK),318
h77156,"Hotel Indigo NYC Financial District, an IHG Hotel",Rector St. Station,1
h77156,"Hotel Indigo NYC Financial District, an IHG Hotel",New York Christopher St. Station,30
h77156,"Hotel Indigo NYC Financial District, an IHG Hotel",LaGuardia Airport (LGA),180
h21707,"voco Times Square South, an IHG Hotel",34 St.Penn Station,5
h21707,"voco Times Square South, an IHG Hotel",Penn Station,7
h21707,"voco Times Square South, an IHG Hotel",John F. Kennedy Intl. Airport (JFK),306
h18113,Hilton Garden Inn NYC Financial Center/Manhattan Downtown,Whitehall St. Station,2
h18113,Hilton Garden Inn NYC Financial Center/Manhattan Downtown,New York Christopher St. Station,36
h18113,Hilton Garden Inn NYC Financial Center/Manhattan Downtown,John F. Kennedy Intl. Airport (JFK),270
h78573,Penny Williamsburg,Metropolitan Av. Station,3
h78573,Penny Williamsburg,Long Island City Hunterspoint Avenue Station,36
h78573,Penny Williamsburg,John F. Kennedy Intl. Airport (JFK),288
h10215,"EVEN Hotel Times Square South, an IHG Hotel",34 St.Penn Station,3
h10215,"EVEN Hotel Times Square South, an IHG Hotel",Penn Station,5
h10215,"EVEN Hotel Times Square South, an IHG Hotel",John F. Kennedy Intl. Airport (JFK),324
h55110,Hampton Inn Manhattan Grand Central,Grand Central42 St. Station,11
h55110,Hampton Inn Manhattan Grand Central,Lexington Av.-53 St. Station,12
h55110,Hampton Inn Manhattan Grand Central,LaGuardia Airport (LGA),156
h97363,Four Points by Sheraton Manhattan - Chelsea,23 St. Station (7th Av.),3
h97363,Four Points by Sheraton Manhattan - Chelsea,New York 23rd St. Station,5
h97363,Four Points by Sheraton Manhattan - Chelsea,LaGuardia Airport (LGA),192
h55580,Refinery Hotel,42 St.Bryant Pk. Station,3
h55580,Refinery Hotel,New York W 32nd St. Station,7
h55580,Refinery Hotel,LaGuardia Airport (LGA),156
h86861,6 Columbus Central Park Hotel,59 St.Columbus Circle Station,3
h86861,6 Columbus Central Park Hotel,New York W 32nd St. Station,24
h86861,6 Columbus Central Park Hotel,John F. Kennedy Intl. Airport (JFK),336
h15215,Hyatt House New York/Chelsea,28 St. Station (Broadway),2
h15215,Hyatt House New York/Chelsea,New York W 32nd St. Station,4
h15215,Hyatt House New York/Chelsea,John F. Kennedy Intl. Airport (JFK),300
h29051,"Staypineapple, An Artful Hotel, Midtown",34 St.Penn Station,4
h29051,"Staypineapple, An Artful Hotel, Midtown",Penn Station,6
h29051,"Staypineapple, An Artful Hotel, Midtown",John F. Kennedy Intl. Airport (JFK),306
h91796,The Maritime Hotel,14 St. Station (8th Av.),3
h91796,The Maritime Hotel,New York 14th St. Station,11
h91796,The Maritime Hotel,LaGuardia Airport (LGA),210
h21916,Hampton Inn Manhattan-35th St/Empire State Bldg,34 St. Station (Herald Square),2
h21916,Hampton Inn Manhattan-35th St/Empire State Bldg,New York W 32nd St. Station,4
h21916,Hampton Inn Manhattan-35th St/Empire State Bldg,John F. Kennedy Intl. Airport (JFK),288
h24426,Fairfield Inn by Marriott New York Manhattan/Times Square,Times Sq.42 St. Station,6
h24426,Fairfield Inn by Marriott New York Manhattan/Times Square,Penn Station,10
h24426,Fairfield Inn by Marriott New York Manhattan/Times Square,LaGuardia Airport (LGA),192
h65728,The Marlton Hotel,New York 9th St. Station,4
h65728,The Marlton Hotel,8 St.NYU Station,5
h65728,The Marlton Hotel,LaGuardia Airport (LGA),204
h73624,Hilton Garden Inn New York/Manhattan-Midtown East,Lexington Av.-53 St. Station,2
h73624,Hilton Garden Inn New York/Manhattan-Midtown East,Grand Central42 St. Station,14
h73624,Hilton Garden Inn New York/Manhattan-Midtown East,LaGuardia Airport (LGA),162
h15411,Fairfield Inn & Suites New York Manhattan / Central Park,New York W 32nd St. Station,24
h15411,Fairfield Inn & Suites New York Manhattan / Central Park,59 St.Columbus Circle Station,10
h15411,Fairfield Inn & Suites New York Manhattan / Central Park,John F. Kennedy Intl. Airport (JFK),366
h05358,Pod 51,Lexington Av.-53 St. Station,4
h05358,Pod 51,Grand Central42 St. Station,14
h05358,Pod 51,LaGuardia Airport (LGA),168
h32999,"InterContinental New York Times Square, an IHG Hotel",49th St. Station,7
h32999,"InterContinental New York Times Square, an IHG Hotel",Penn Station,13
h32999,"InterContinental New York Times Square, an IHG Hotel",LaGuardia Airport (LGA),192
h89590,Truss Hotel Times Square ,34 St.Penn Station,8
h89590,Truss Hotel Times Square ,Penn Station,10
h89590,Truss Hotel Times Square ,John F. Kennedy Intl. Airport (JFK),312
h85349,W New York - Times Square,49th St. Station,1
h85349,W New York - Times Square,New York W 32nd St. Station,16
h85349,W New York - Times Square,John F. Kennedy Intl. Airport (JFK),342
h34880,The Kitano Hotel New York,Grand Central42 St. Station,4
h34880,The Kitano Hotel New York,33 St. Station (Park Av. S),6
h34880,The Kitano Hotel New York,John F. Kennedy Intl. Airport (JFK),270
h53215,Pod 39,Grand Central42 St. Station,6
h53215,Pod 39,33 St. Station (Park Av. S),9
h53215,Pod 39,John F. Kennedy Intl. Airport (JFK),270
h01683,NH Collection New York Madison Avenue,Grand Central42 St. Station,6
h01683,NH Collection New York Madison Avenue,42 St.Bryant Pk. Station,8
h01683,NH Collection New York Madison Avenue,John F. Kennedy Intl. Airport (JFK),270
h65214,Courtyard by Marriott New York Manhattan / Chelsea,28 St. Station (7th Av.),3
h65214,Courtyard by Marriott New York Manhattan / Chelsea,New York W 32nd St. Station,4
h65214,Courtyard by Marriott New York Manhattan / Chelsea,LaGuardia Airport (LGA),174
h12627,INNSiDE by Meliá New York Nomad,28 St. Station (7th Av.),3
h12627,INNSiDE by Meliá New York Nomad,New York 23rd St. Station,6
h12627,INNSiDE by Meliá New York Nomad,John F. Kennedy Intl. Airport (JFK),312
h99884,"Holiday Inn New York City - Times Square, an IHG Hotel",34 St.Penn Station,5
h99884,"Holiday Inn New York City - Times Square, an IHG Hotel",Penn Station,7
h99884,"Holiday Inn New York City - Times Square, an IHG Hotel",John F. Kennedy Intl. Airport (JFK),318
h25449,Millennium Hotel Broadway Times Square,5 Av Station (W. 42nd St.),4
h25449,Millennium Hotel Broadway Times Square,New York W 32nd St. Station,14
h25449,Millennium Hotel Broadway Times Square,LaGuardia Airport (LGA),180
h24322,Moxy NYC Chelsea,28 St. Station (Broadway),3
h24322,Moxy NYC Chelsea,New York W 32nd St. Station,5
h24322,Moxy NYC Chelsea,LaGuardia Airport (LGA),180
h26149,The Evelyn Hotel,28 St. Station (Broadway),3
h26149,The Evelyn Hotel,New York W 32nd St. Station,8
h26149,The Evelyn Hotel,John F. Kennedy Intl. Airport (JFK),294
h44341,Dream Downtown,14 St. Station (8th Av.),3
h44341,Dream Downtown,New York 14th St. Station,12
h44341,Dream Downtown,LaGuardia Airport (LGA),210
h55596,The Iroquois New York,5 Av Station (W. 42nd St.),1
h55596,The Iroquois New York,Grand Central42 St. Station,12
h55596,The Iroquois New York,John F. Kennedy Intl. Airport (JFK),294
h12534,"The Bernic Hotel New York City, Tapestry Collection by Hilton",Lexington Av.-53 St. Station,7
h12534,"The Bernic Hotel New York City, Tapestry Collection by Hilton",Grand Central42 St. Station,8
h12534,"The Bernic Hotel New York City, Tapestry Collection by Hilton",John F. Kennedy Intl. Airport (JFK),288
h15900,Hilton Garden Inn New York/Tribeca,Canal St. Station (W. Broadway),1
h15900,Hilton Garden Inn New York/Tribeca,New York Christopher St. Station,18
h15900,Hilton Garden Inn New York/Tribeca,LaGuardia Airport (LGA),186
h63006,Hyatt Centric Times Square New York,49th St. Station,4
h63006,Hyatt Centric Times Square New York,New York W 32nd St. Station,15
h63006,Hyatt Centric Times Square New York,John F. Kennedy Intl. Airport (JFK),312
h16397,Four Points By Sheraton Manhattan Midtown West,34th Street–Hudson Yards Station,3
h16397,Four Points By Sheraton Manhattan Midtown West,Penn Station,10
h16397,Four Points By Sheraton Manhattan Midtown West,LaGuardia Airport (LGA),192
h28222,Hyatt Centric Wall Street New York,Wall St. Station,3
h28222,Hyatt Centric Wall Street New York,New York Christopher St. Station,36
h28222,Hyatt Centric Wall Street New York,John F. Kennedy Intl. Airport (JFK),270
h21542,Artezen Hotel,Fulton St. Station (Nassau St.),2
h21542,Artezen Hotel,New York Christopher St. Station,30
h21542,Artezen Hotel,John F. Kennedy Intl. Airport (JFK),288
h16135,M Social Hotel Times Square New York,50 St. Station (Broadway),2
h16135,M Social Hotel Times Square New York,New York W 32nd St. Station,18
h16135,M Social Hotel Times Square New York,LaGuardia Airport (LGA),210
h14691,DoubleTree by Hilton New York Midtown Fifth Ave,4750 StsRockefeller Center Station,5
h14691,DoubleTree by Hilton New York Midtown Fifth Ave,Grand Central42 St. Station,15
h14691,DoubleTree by Hilton New York Midtown Fifth Ave,John F. Kennedy Intl. Airport (JFK),324
h53592,W New York - Union Square,14 StreetUnion Square Station,2
h53592,W New York - Union Square,New York 14th St. Station,11
h53592,W New York - Union Square,Newark Liberty Intl. Airport (EWR),186
h07470,Fitzpatrick Manhattan Hotel,59 St. Station (Lexington Av.),3
h07470,Fitzpatrick Manhattan Hotel,Grand Central42 St. Station,16
h07470,Fitzpatrick Manhattan Hotel,LaGuardia Airport (LGA),156
h10231,The New York EDITION,23 St. Station (5th Av.),2
h10231,The New York EDITION,New York 23rd St. Station,7
h10231,The New York EDITION,John F. Kennedy Intl. Airport (JFK),288
h03670,Empire Hotel,66 St.Lincoln Center Station,3
h03670,Empire Hotel,New York W 32nd St. Station,24
h03670,Empire Hotel,LaGuardia Airport (LGA),228
h19783,SoHo 54 Hotel,Canal St. Station (Varick St.),2
h19783,SoHo 54 Hotel,New York Christopher St. Station,16
h19783,SoHo 54 Hotel,John F. Kennedy Intl. Airport (JFK),294
h70890,"The Cloud One New York-Downtown, by the Motel One Group",Rector St. Station (Greenwich St.),2
h70890,"The Cloud One New York-Downtown, by the Motel One Group",New York Christopher St. Station,30
h70890,"The Cloud One New York-Downtown, by the Motel One Group",John F. Kennedy Intl. Airport (JFK),276
h98755,Gansevoort Meatpacking,8 Av. Station (W 14th St.),5
h98755,Gansevoort Meatpacking,New York Christopher St. Station,10
h98755,Gansevoort Meatpacking,LaGuardia Airport (LGA),216
h13486,Citadines Connect Fifth Avenue New York,5 Av Station (W. 42nd St.),4
h13486,Citadines Connect Fifth Avenue New York,Grand Central42 St. Station,12
h13486,Citadines Connect Fifth Avenue New York,John F. Kennedy Intl. Airport (JFK),312
h60517,Hyatt Place New York/Chelsea,New York 23rd St. Station,3
h60517,Hyatt Place New York/Chelsea,23 St. Station (7th Av.),3
h60517,Hyatt Place New York/Chelsea,John F. Kennedy Intl. Airport (JFK),312
h05550,The Benjamin Royal Sonesta New York,Lexington Av.-53 St. Station,5
h05550,The Benjamin Royal Sonesta New York,Grand Central42 St. Station,10
h05550,The Benjamin Royal Sonesta New York,LaGuardia Airport (LGA),162
h88977,The Westin New York at Times Square,Times Sq.42 St. Station,5
h88977,The Westin New York at Times Square,Penn Station,12
h88977,The Westin New York at Times Square,LaGuardia Airport (LGA),192
h38590,DoubleTree by Hilton New York Downtown,Whitehall St. Station,1
h38590,DoubleTree by Hilton New York Downtown,New York Christopher St. Station,36
h38590,DoubleTree by Hilton New York Downtown,John F. Kennedy Intl. Airport (JFK),276
h14873,"Hotel 50 Bowery, part of JdV by Hyatt",New York Christopher St. Station,30
h14873,"Hotel 50 Bowery, part of JdV by Hyatt",Grand St. Station (Chrystie St.),5
h14873,"Hotel 50 Bowery, part of JdV by Hyatt",John F. Kennedy Intl. Airport (JFK),294
h66871,Pestana CR7 Times Square,34 St.Penn Station,8
h66871,Pestana CR7 Times Square,Penn Station,10
h66871,Pestana CR7 Times Square,LaGuardia Airport (LGA),192
h36062,NoMo SoHo,New York Christopher St. Station,18
h36062,NoMo SoHo,Canal St. Station (Lafayette St.),3
h36062,NoMo SoHo,LaGuardia Airport (LGA),96
h00087,Sheraton New York Times Square Hotel,7 Av. Station (E 53rd St.),1
h00087,Sheraton New York Times Square Hotel,New York W 32nd St. Station,18
h00087,Sheraton New York Times Square Hotel,LaGuardia Airport (LGA),198
h24363,Merrion Row Hotel and Public House,5 Av Station (W. 42nd St.),4
h24363,Merrion Row Hotel and Public House,New York W 32nd St. Station,16
h24363,Merrion Row Hotel and Public House,John F. Kennedy Intl. Airport (JFK),318
h41876,Sanctuary Hotel New York,49th St. Station,2
h41876,Sanctuary Hotel New York,Grand Central42 St. Station,14
h41876,Sanctuary Hotel New York,John F. Kennedy Intl. Airport (JFK),348
h12082,Hotel 57,51 St. Station,5
h12082,Hotel 57,Grand Central42 St. Station,16
h12082,Hotel 57,LaGuardia Airport (LGA),156
h11606,Westgate New York Grand Central,Grand Central42 St. Station,11
h11606,Westgate New York Grand Central,Lexington Av.-53 St. Station,14
h11606,Westgate New York Grand Central,LaGuardia Airport (LGA),144
h04164,Park Central Hotel New York,New York W 32nd St. Station,18
h04164,Park Central Hotel New York,7 Av. Station (E 53rd St.),3
h04164,Park Central Hotel New York,LaGuardia Airport (LGA),192
h28291,The Hotel @ Fifth Avenue,New York W 32nd St. Station,2
h28291,The Hotel @ Fifth Avenue,34 St. Station (Herald Square),4
h28291,The Hotel @ Fifth Avenue,Newark Liberty Intl. Airport (EWR),204
h71756,"Hotel Indigo - NYC Downtown - Wall Street, an IHG Hotel",Wall St. Station,3
h71756,"Hotel Indigo - NYC Downtown - Wall Street, an IHG Hotel",New York Christopher St. Station,36
h71756,"Hotel Indigo - NYC Downtown - Wall Street, an IHG Hotel",John F. Kennedy Intl. Airport (JFK),270
h12932,Courtyard by Marriott New York Manhattan/Times Square,42 St.Bryant Pk. Station,1
h12932,Courtyard by Marriott New York Manhattan/Times Square,New York W 32nd St. Station,10
h12932,Courtyard by Marriott New York Manhattan/Times Square,LaGuardia Airport (LGA),168
h58621,SpringHill Suites by Marriott New York Midtown Manhattan,34 St. Station (Herald Square),5
h58621,SpringHill Suites by Marriott New York Midtown Manhattan,New York W 32nd St. Station,7
h58621,SpringHill Suites by Marriott New York Midtown Manhattan,LaGuardia Airport (LGA),168
h42452,Hotel 48LEX New York,Lexington Av.-53 St. Station,7
h42452,Hotel 48LEX New York,Grand Central42 St. Station,8
h42452,Hotel 48LEX New York,John F. Kennedy Intl. Airport (JFK),282
h18752,Iberostar 70 Park Avenue,Grand Central42 St. Station,4
h18752,Iberostar 70 Park Avenue,33 St. Station (Park Av. S),6
h18752,Iberostar 70 Park Avenue,LaGuardia Airport (LGA),144
h64348,Residence Inn New York Manhattan/Central Park,50 St. Station (Broadway),2
h64348,Residence Inn New York Manhattan/Central Park,Penn Station,18
h64348,Residence Inn New York Manhattan/Central Park,John F. Kennedy Intl. Airport (JFK),330
h10389,Mint House at 70 Pine,Wall St. Station,2
h10389,Mint House at 70 Pine,New York Christopher St. Station,30
h10389,Mint House at 70 Pine,Newark Liberty Intl. Airport (EWR),174
h20398,"Holiday Inn Express New York City Times Square, an IHG Hotel",34 St.Penn Station,8
h20398,"Holiday Inn Express New York City Times Square, an IHG Hotel",Penn Station,10
h20398,"Holiday Inn Express New York City Times Square, an IHG Hotel",LaGuardia Airport (LGA),192
h33606,Sheraton Brooklyn New York Hotel,Jay St.Tech Station,3
h33606,Sheraton Brooklyn New York Hotel,Brooklyn Flatbush Avenue Station,13
h33606,Sheraton Brooklyn New York Hotel,John F. Kennedy Intl. Airport (JFK),240
h24408,Aliz Hotel Times Square,Times Sq.42 St. Station,6
h24408,Aliz Hotel Times Square,Penn Station,9
h24408,Aliz Hotel Times Square,John F. Kennedy Intl. Airport (JFK),318
h50456,Wyndham Garden Chinatown,New York 9th St. Station,24
h50456,Wyndham Garden Chinatown,Grand St. Station (Chrystie St.),4
h50456,Wyndham Garden Chinatown,LaGuardia Airport (LGA),150
h10419,The Belvedere Hotel,49th St. Station,6
h10419,The Belvedere Hotel,Penn Station,18
h10419,The Belvedere Hotel,LaGuardia Airport (LGA),210
h22514,AC Hotel by Marriott New York Downtown,Wall St. Station,5
h22514,AC Hotel by Marriott New York Downtown,New York Christopher St. Station,36
h22514,AC Hotel by Marriott New York Downtown,LaGuardia Airport (LGA),102
h90863,Hampton Inn Manhattan-Chelsea,New York 23rd St. Station,2
h90863,Hampton Inn Manhattan-Chelsea,23 St. Station (7th Av.),4
h90863,Hampton Inn Manhattan-Chelsea,LaGuardia Airport (LGA),186
h27714,Walker Hotel Tribeca,Canal St. Station (Lafayette St.),2
h27714,Walker Hotel Tribeca,New York Christopher St. Station,18
h27714,Walker Hotel Tribeca,John F. Kennedy Intl. Airport (JFK),306
h72750,The Lex NYC,23 St. Station (Park Av.),3
h72750,The Lex NYC,New York 23rd St. Station,11
h72750,The Lex NYC,John F. Kennedy Intl. Airport (JFK),282
h25764,"The Algonquin Hotel Times Square, Autograph Collection",5 Av Station (W. 42nd St.),1
h25764,"The Algonquin Hotel Times Square, Autograph Collection",New York W 32nd St. Station,12
h25764,"The Algonquin Hotel Times Square, Autograph Collection",LaGuardia Airport (LGA),168
h30601,Sofitel New York,5 Av Station (W. 42nd St.),1
h30601,Sofitel New York,Grand Central42 St. Station,12
h30601,Sofitel New York,LaGuardia Airport (LGA),168
h55466,The Bryant Park Hotel,42 St.Bryant Pk. Station,2
h55466,The Bryant Park Hotel,Grand Central42 St. Station,8
h55466,The Bryant Park Hotel,John F. Kennedy Intl. Airport (JFK),282
h23846,DoubleTree by Hilton New York City - Chelsea,28 St. Station (7th Av.),3
h23846,DoubleTree by Hilton New York City - Chelsea,New York W 32nd St. Station,5
h23846,DoubleTree by Hilton New York City - Chelsea,LaGuardia Airport (LGA),192
h17739,"Distrikt Hotel New York City, Tapestry Collection by Hilton",Times Sq.42 St. Station,7
h17739,"Distrikt Hotel New York City, Tapestry Collection by Hilton",Penn Station,11
h17739,"Distrikt Hotel New York City, Tapestry Collection by Hilton",John F. Kennedy Intl. Airport (JFK),318
h14769,HGU New York,33 St. Station (Park Av. S),1
h14769,HGU New York,New York W 32nd St. Station,6
h14769,HGU New York,LaGuardia Airport (LGA),150
h80785,City Club Hotel,5 Av Station (W. 42nd St.),1
h80785,City Club Hotel,New York W 32nd St. Station,13
h80785,City Club Hotel,LaGuardia Airport (LGA),168
h55703,Fairfield Inn & Suites New York Midtown Manhattan/Penn Station,Penn Station,3
h55703,Fairfield Inn & Suites New York Midtown Manhattan/Penn Station,34 St.Penn Station,3
h55703,Fairfield Inn & Suites New York Midtown Manhattan/Penn Station,John F. Kennedy Intl. Airport (JFK),330
h68429,Radio City Apartments,49th St. Station,3
h68429,Radio City Apartments,Grand Central42 St. Station,17
h68429,Radio City Apartments,LaGuardia Airport (LGA),192
h14786,LUMA Hotel Times Square,Times Sq.42 St. Station,2
h14786,LUMA Hotel Times Square,New York W 32nd St. Station,11
h14786,LUMA Hotel Times Square,LaGuardia Airport (LGA),180
h19950,Made Hotel,28 St. Station (Broadway),2
h19950,Made Hotel,New York W 32nd St. Station,5
h19950,Made Hotel,John F. Kennedy Intl. Airport (JFK),300
h23382,Residence Inn by Marriott New York Manhattan/Midtown East,Lexington Av.-53 St. Station,6
h23382,Residence Inn by Marriott New York Manhattan/Midtown East,Grand Central42 St. Station,8
h23382,Residence Inn by Marriott New York Manhattan/Midtown East,John F. Kennedy Intl. Airport (JFK),282
h31800,Renaissance New York Chelsea Hotel,New York 23rd St. Station,3
h31800,Renaissance New York Chelsea Hotel,23 St. Station (7th Av.),5
h31800,Renaissance New York Chelsea Hotel,LaGuardia Airport (LGA),198
h35729,Royalton Park Avenue,28 St. Station (Park Av. S),1
h35729,Royalton Park Avenue,New York W 32nd St. Station,10
h35729,Royalton Park Avenue,LaGuardia Airport (LGA),156
h21604,Washington Square Hotel,New York 9th St. Station,4
h21604,Washington Square Hotel,W 4 St. Station,4
h21604,Washington Square Hotel,John F. Kennedy Intl. Airport (JFK),318
h11444,Hotel St. James,5 Av Station (W. 42nd St.),4
h11444,Hotel St. James,New York W 32nd St. Station,14
h11444,Hotel St. James,LaGuardia Airport (LGA),192
h04085,Off Soho Suites Hotel,New York 9th St. Station,18
h04085,Off Soho Suites Hotel,Bowery St. Station,3
h04085,Off Soho Suites Hotel,John F. Kennedy Intl. Airport (JFK),306
h69397,Hilton Garden Inn New York/Central Park South-Midtown West,Penn Station,18
h69397,Hilton Garden Inn New York/Central Park South-Midtown West,50 St. Station (Broadway),3
h69397,Hilton Garden Inn New York/Central Park South-Midtown West,John F. Kennedy Intl. Airport (JFK),336
h58316,Casablanca Hotel by Library Hotel Collection,Times Sq.42 St. Station,4
h58316,Casablanca Hotel by Library Hotel Collection,New York W 32nd St. Station,12
h58316,Casablanca Hotel by Library Hotel Collection,John F. Kennedy Intl. Airport (JFK),306
h40426,The Gotham Hotel,5 Av Station (W. 42nd St.),5
h40426,The Gotham Hotel,Grand Central42 St. Station,7
h40426,The Gotham Hotel,John F. Kennedy Intl. Airport (JFK),294
h89203,Millennium Downtown New York,Cortlandt St. Station,1
h89203,Millennium Downtown New York,New York Christopher St. Station,24
h89203,Millennium Downtown New York,John F. Kennedy Intl. Airport (JFK),276
h08736,Warwick New York,5 Av.-53 St. Station,4
h08736,Warwick New York,Grand Central42 St. Station,20
h08736,Warwick New York,LaGuardia Airport (LGA),180
h39127,Residence Inn by Marriott New York Downtown Manhattan/Financial District,Fulton St. Station (William St.),4
h39127,Residence Inn by Marriott New York Downtown Manhattan/Financial District,New York Christopher St. Station,36
h39127,Residence Inn by Marriott New York Downtown Manhattan/Financial District,LaGuardia Airport (LGA),174
h92155,1 Hotel Central Park,57 St. Station,3
h92155,1 Hotel Central Park,New York W 32nd St. Station,24
h92155,1 Hotel Central Park,LaGuardia Airport (LGA),174
h85693,Hilton Club The Quin New York,5 Av.-53 St. Station,3
h85693,Hilton Club The Quin New York,New York W 32nd St. Station,24
h85693,Hilton Club The Quin New York,LaGuardia Airport (LGA),174
h22442,Ace Hotel New York,28 St. Station (Broadway),2
h22442,Ace Hotel New York,New York W 32nd St. Station,4
h22442,Ace Hotel New York,John F. Kennedy Intl. Airport (JFK),306
h08354,"The Time New York, part of JdV by Hyatt",49th St. Station,4
h08354,"The Time New York, part of JdV by Hyatt",New York W 32nd St. Station,19
h08354,"The Time New York, part of JdV by Hyatt",John F. Kennedy Intl. Airport (JFK),336
h45485,Roxy Hotel New York,Canal St. Station (W. Broadway),2
h45485,Roxy Hotel New York,New York Christopher St. Station,18
h45485,Roxy Hotel New York,LaGuardia Airport (LGA),186
h20288,"The Lexington Hotel, Autograph Collection",Lexington Av.-53 St. Station,7
h20288,"The Lexington Hotel, Autograph Collection",Grand Central42 St. Station,8
h20288,"The Lexington Hotel, Autograph Collection",LaGuardia Airport (LGA),162
h39991,Hyatt Herald Square New York,New York W 32nd St. Station,3
h39991,Hyatt Herald Square New York,28 St. Station (Broadway),4
h39991,Hyatt Herald Square New York,LaGuardia Airport (LGA),174
h86558,Chelsea Inn,14 St. Station (6th Av.),2
h86558,Chelsea Inn,New York 14th St. Station,5
h86558,Chelsea Inn,LaGuardia Airport (LGA),192
h89612,The Wallace,79 St. Station,4
h89612,The Wallace,New York W 32nd St. Station,30
h89612,The Wallace,LaGuardia Airport (LGA),204
h54869,Hyatt Union Square New York,14 StUnion Sq. Station,1
h54869,Hyatt Union Square New York,New York 14th St. Station,9
h54869,Hyatt Union Square New York,LaGuardia Airport (LGA),186
h79244,"Park South Hotel, part of JdV by Hyatt",28 St. Station (Park Av. S),1
h79244,"Park South Hotel, part of JdV by Hyatt",New York W 32nd St. Station,11
h79244,"Park South Hotel, part of JdV by Hyatt",John F. Kennedy Intl. Airport (JFK),276
h93411,"Hotel Indigo Lower East Side New York, an IHG Hotel",New York 9th St. Station,24
h93411,"Hotel Indigo Lower East Side New York, an IHG Hotel",Delancey St. Station,5
h93411,"Hotel Indigo Lower East Side New York, an IHG Hotel",John F. Kennedy Intl. Airport (JFK),294
h08989,Royalton New York,5 Av Station (W. 42nd St.),1
h08989,Royalton New York,Grand Central42 St. Station,13
h08989,Royalton New York,John F. Kennedy Intl. Airport (JFK),294
h28417,Fairfield Inn by Marriott New York Manhattan/Fifth Avenue,34 St. Station (Herald Square),5
h28417,Fairfield Inn by Marriott New York Manhattan/Fifth Avenue,New York W 32nd St. Station,7
h28417,Fairfield Inn by Marriott New York Manhattan/Fifth Avenue,John F. Kennedy Intl. Airport (JFK),294
h53993,Walker Hotel Greenwich Village,New York 14th St. Station,1
h53993,Walker Hotel Greenwich Village,14 St. Station (6th Av.),4
h53993,Walker Hotel Greenwich Village,John F. Kennedy Intl. Airport (JFK),324
h74597,The FIDI Hotel,Whitehall St. Station,1
h74597,The FIDI Hotel,New York Christopher St. Station,36
h74597,The FIDI Hotel,John F. Kennedy Intl. Airport (JFK),276
h82949,JG Sohotel,Canal St. Station (Lafayette St.),1
h82949,JG Sohotel,New York Christopher St. Station,18
h82949,JG Sohotel,John F. Kennedy Intl. Airport (JFK),306
h18664,SIXTY Lower East Side,New York 9th St. Station,18
h18664,SIXTY Lower East Side,2 Av. Station,4
h18664,SIXTY Lower East Side,John F. Kennedy Intl. Airport (JFK),306
h53367,The MUSE New York,49th St. Station,3
h53367,The MUSE New York,Grand Central42 St. Station,15
h53367,The MUSE New York,John F. Kennedy Intl. Airport (JFK),306
h78647,The Ludlow Hotel,New York 9th St. Station,24
h78647,The Ludlow Hotel,Delancey St. Station,5
h78647,The Ludlow Hotel,John F. Kennedy Intl. Airport (JFK),294
h84887,The Sohotel,Bowery St. Station,2
h84887,The Sohotel,New York Christopher St. Station,24
h84887,The Sohotel,John F. Kennedy Intl. Airport (JFK),306
h13014,Residence Inn by Marriott New York Manhattan/Times Square,42 St.Bryant Pk. Station,2
h13014,Residence Inn by Marriott New York Manhattan/Times Square,New York W 32nd St. Station,7
h13014,Residence Inn by Marriott New York Manhattan/Times Square,LaGuardia Airport (LGA),168
h22388,Ink 48 Hotel,New York W 32nd St. Station,18
h22388,Ink 48 Hotel,50 St. Station (8th Av.),13
h22388,Ink 48 Hotel,John F. Kennedy Intl. Airport (JFK),354
h64680,"Le Meridien New York, Central Park by Marriott",New York W 32nd St. Station,24
h64680,"Le Meridien New York, Central Park by Marriott",5 Av.-53 St. Station,4
h64680,"Le Meridien New York, Central Park by Marriott",John F. Kennedy Intl. Airport (JFK),318
h41827,YOTEL New York Times Square,34th Street–Hudson Yards Station,9
h41827,YOTEL New York Times Square,Penn Station,16
h41827,YOTEL New York Times Square,LaGuardia Airport (LGA),210
h30039,The Times Square EDITION,49th St. Station,1
h30039,The Times Square EDITION,Grand Central42 St. Station,15
h30039,The Times Square EDITION,LaGuardia Airport (LGA),222
h64653,The Manhattan Club,New York W 32nd St. Station,18
h64653,The Manhattan Club,7 Av. Station (E 53rd St.),4
h64653,The Manhattan Club,John F. Kennedy Intl. Airport (JFK),336
h52328,Comfort Inn Manhattan - Midtown West,New York W 32nd St. Station,18
h52328,Comfort Inn Manhattan - Midtown West,50 St. Station (8th Av.),12
h52328,Comfort Inn Manhattan - Midtown West,LaGuardia Airport (LGA),228
h10630,The Standard High Line,8 Av. Station (W 14th St.),9
h10630,The Standard High Line,New York Christopher St. Station,13
h10630,The Standard High Line,John F. Kennedy Intl. Airport (JFK),306
h53299,Broadway Plaza Hotel,28 St. Station (Broadway),1
h53299,Broadway Plaza Hotel,New York W 32nd St. Station,6
h53299,Broadway Plaza Hotel,John F. Kennedy Intl. Airport (JFK),306
h12078,"The Beekman, A Thompson Hotel",Fulton St. Station (Nassau St.),2
h12078,"The Beekman, A Thompson Hotel",New York Christopher St. Station,24
h12078,"The Beekman, A Thompson Hotel",LaGuardia Airport (LGA),162
h66179,Kasa The Duffy Times Square,49th St. Station,8
h66179,Kasa The Duffy Times Square,Penn Station,18
h66179,Kasa The Duffy Times Square,LaGuardia Airport (LGA),204
h14742,3 West Club,4750 StsRockefeller Center Station,5
h14742,3 West Club,Grand Central42 St. Station,14
h14742,3 West Club,John F. Kennedy Intl. Airport (JFK),330
h37678,Moxy NYC East Village,Astor Pl. Station,4
h37678,Moxy NYC East Village,New York 9th St. Station,12
h37678,Moxy NYC East Village,John F. Kennedy Intl. Airport (JFK),312
h01639,Millennium Hilton New York One UN Plaza,Lexington Av.-53 St. Station,13
h01639,Millennium Hilton New York One UN Plaza,Grand Central42 St. Station,14
h01639,Millennium Hilton New York One UN Plaza,LaGuardia Airport (LGA),150
h93941,Aloft Manhattan Downtown - Financial District,Fulton St. Station (Nassau St.),1
h93941,Aloft Manhattan Downtown - Financial District,New York Christopher St. Station,30
h93941,Aloft Manhattan Downtown - Financial District,LaGuardia Airport (LGA),168
h43395,Selina Chelsea,34th Street–Hudson Yards Station,8
h43395,Selina Chelsea,Penn Station,12
h43395,Selina Chelsea,John F. Kennedy Intl. Airport (JFK),324
h32857,Da Vinci Hotel,Penn Station,24
h32857,Da Vinci Hotel,50 St. Station (Broadway),4
h32857,Da Vinci Hotel,John F. Kennedy Intl. Airport (JFK),336
h37978,Pestana Park Avenue,Grand Central42 St. Station,5
h37978,Pestana Park Avenue,42 St.Bryant Pk. Station,8
h37978,Pestana Park Avenue,LaGuardia Airport (LGA),156
h76162,Liberty View Brooklyn hotel,25 St. Station,4
h76162,Liberty View Brooklyn hotel,Brooklyn Flatbush Avenue Station,30
h76162,Liberty View Brooklyn hotel,John F. Kennedy Intl. Airport (JFK),240
h35095,Chelsea Savoy Hotel,23 St. Station (7th Av.),1
h35095,Chelsea Savoy Hotel,New York 23rd St. Station,3
h35095,Chelsea Savoy Hotel,John F. Kennedy Intl. Airport (JFK),312
h46178,TBA Times Square,Times Sq.42 St. Station,7
h46178,TBA Times Square,Penn Station,11
h46178,TBA Times Square,John F. Kennedy Intl. Airport (JFK),318
h35252,The Nolitan,Bowery St. Station,2
h35252,The Nolitan,New York Christopher St. Station,24
h35252,The Nolitan,John F. Kennedy Intl. Airport (JFK),300
h11765,Orchard Street Hotel,New York 9th St. Station,24
h11765,Orchard Street Hotel,Delancey St. Station,4
h11765,Orchard Street Hotel,John F. Kennedy Intl. Airport (JFK),294
h68102,Motto by Hilton New York City Chelsea,New York 23rd St. Station,2
h68102,Motto by Hilton New York City Chelsea,23 St. Station (7th Av.),4
h68102,Motto by Hilton New York City Chelsea,John F. Kennedy Intl. Airport (JFK),306
h25130,Concorde Hotel New York,51 St. Station,3
h25130,Concorde Hotel New York,Grand Central42 St. Station,14
h25130,Concorde Hotel New York,John F. Kennedy Intl. Airport (JFK),306
h15806,"Holiday Inn Express - New York City Chelsea, an IHG Hotel",28 St. Station (7th Av.),3
h15806,"Holiday Inn Express - New York City Chelsea, an IHG Hotel",Penn Station,4
h15806,"Holiday Inn Express - New York City Chelsea, an IHG Hotel",John F. Kennedy Intl. Airport (JFK),318
h03281,Renaissance New York Times Square Hotel,49th St. Station,1
h03281,Renaissance New York Times Square Hotel,New York W 32nd St. Station,16
h03281,Renaissance New York Times Square Hotel,John F. Kennedy Intl. Airport (JFK),312
h12653,Hampton Inn Madison Square Garden Area Hotel,New York W 32nd St. Station,2
h12653,Hampton Inn Madison Square Garden Area Hotel,34 St. Station (Herald Square),4
h12653,Hampton Inn Madison Square Garden Area Hotel,LaGuardia Airport (LGA),186
h55328,Hampton Inn Manhattan/Downtown-Financial District,Whitehall St. Station,2
h55328,Hampton Inn Manhattan/Downtown-Financial District,New York Christopher St. Station,30
h55328,Hampton Inn Manhattan/Downtown-Financial District,LaGuardia Airport (LGA),192
h40022,Fairfield Inn & Suites by Marriott New York ManhattanChelsea,28 St. Station (7th Av.),2
h40022,Fairfield Inn & Suites by Marriott New York ManhattanChelsea,New York W 32nd St. Station,5
h40022,Fairfield Inn & Suites by Marriott New York ManhattanChelsea,John F. Kennedy Intl. Airport (JFK),300
h21783,The Dominick,Spring St. Station (Vandam St.),3
h21783,The Dominick,New York Christopher St. Station,14
h21783,The Dominick,John F. Kennedy Intl. Airport (JFK),306
h19176,Hyatt Place Long Island City/New York City,Long Island CityCourt Sq. Station,4
h19176,Hyatt Place Long Island City/New York City,Long Island City Hunterspoint Avenue Station,15
h19176,Hyatt Place Long Island City/New York City,John F. Kennedy Intl. Airport (JFK),258
h53343,Library Hotel by Library Hotel Collection,Grand Central42 St. Station,5
h53343,Library Hotel by Library Hotel Collection,5 Av Station (W. 42nd St.),7
h53343,Library Hotel by Library Hotel Collection,John F. Kennedy Intl. Airport (JFK),282
h21300,The Kimberly Hotel,Lexington Av.-53 St. Station,4
h21300,The Kimberly Hotel,Grand Central42 St. Station,11
h21300,The Kimberly Hotel,LaGuardia Airport (LGA),162
h27921,Moxy NYC Downtown,Fulton St. Station (Nassau St.),1
h27921,Moxy NYC Downtown,New York Christopher St. Station,30
h27921,Moxy NYC Downtown,John F. Kennedy Intl. Airport (JFK),294
h26641,Dream Midtown,Penn Station,18
h26641,Dream Midtown,7 Av. Station (E 53rd St.),3
h26641,Dream Midtown,LaGuardia Airport (LGA),228
h17849,The Ridge Hotel,New York 9th St. Station,18
h17849,The Ridge Hotel,2 Av. Station,3
h17849,The Ridge Hotel,LaGuardia Airport (LGA),156
h38336,Hyatt Centric Midtown 5th Avenue New York,Grand Central42 St. Station,6
h38336,Hyatt Centric Midtown 5th Avenue New York,42 St.Bryant Pk. Station,6
h38336,Hyatt Centric Midtown 5th Avenue New York,John F. Kennedy Intl. Airport (JFK),282
h88308,Cambria Hotel New York - Chelsea,28 St. Station (7th Av.),2
h88308,Cambria Hotel New York - Chelsea,New York W 32nd St. Station,5
h88308,Cambria Hotel New York - Chelsea,LaGuardia Airport (LGA),180
h11677,Hotel Riu Plaza New York Times Square,49th St. Station,5
h11677,Hotel Riu Plaza New York Times Square,Penn Station,15
h11677,Hotel Riu Plaza New York Times Square,LaGuardia Airport (LGA),198
h53415,Dylan Hotel NYC,Grand Central42 St. Station,4
h53415,Dylan Hotel NYC,5 Av Station (W. 42nd St.),7
h53415,Dylan Hotel NYC,LaGuardia Airport (LGA),150
h70177,Courtyard by Marriott New York Manhattan / Central Park,50 St. Station (Broadway),2
h70177,Courtyard by Marriott New York Manhattan / Central Park,New York W 32nd St. Station,18
h70177,Courtyard by Marriott New York Manhattan / Central Park,John F. Kennedy Intl. Airport (JFK),330
h68393,The Parc Hotel,Flushing Main St. Station,6
h68393,The Parc Hotel,MetsWillets Point Station,13
h68393,The Parc Hotel,LaGuardia Airport (LGA),30
h18006,The Fifty Sonesta Select New York,Lexington Av.-53 St. Station,3
h18006,The Fifty Sonesta Select New York,Grand Central42 St. Station,11
h18006,The Fifty Sonesta Select New York,LaGuardia Airport (LGA),162
h45586,Hotel Giraffe by Library Hotel Collection,28 St. Station (Park Av. S),2
h45586,Hotel Giraffe by Library Hotel Collection,New York 23rd St. Station,11
h45586,Hotel Giraffe by Library Hotel Collection,LaGuardia Airport (LGA),156
h89942,The Wall Street Inn,Wall St. Station,3
h89942,The Wall Street Inn,New York Christopher St. Station,36
h89942,The Wall Street Inn,LaGuardia Airport (LGA),186
h38140,Courtyard by Marriott New York Manhattan/SoHo,Houston St. Station,2
h38140,Courtyard by Marriott New York Manhattan/SoHo,New York Christopher St. Station,9
h38140,Courtyard by Marriott New York Manhattan/SoHo,LaGuardia Airport (LGA),198
h33093,Hotel Hendricks,42 St.Bryant Pk. Station,5
h33093,Hotel Hendricks,New York W 32nd St. Station,8
h33093,Hotel Hendricks,John F. Kennedy Intl. Airport (JFK),282
h22265,The Michelangelo Hotel,7 Av. Station (E 53rd St.),2
h22265,The Michelangelo Hotel,New York W 32nd St. Station,20
h22265,The Michelangelo Hotel,LaGuardia Airport (LGA),198
h77126,Grayson Hotel in the Unbound Collection by Hyatt,42 St.Bryant Pk. Station,3
h77126,Grayson Hotel in the Unbound Collection by Hyatt,Grand Central42 St. Station,9
h77126,Grayson Hotel in the Unbound Collection by Hyatt,John F. Kennedy Intl. Airport (JFK),300
h29848,YMCA West Side,New York W 32nd St. Station,24
h29848,YMCA West Side,59 St.Columbus Circle Station,4
h29848,YMCA West Side,John F. Kennedy Intl. Airport (JFK),342
h69621,Best Western Premier Empire State Hotel,28 St. Station (Park Av. S),4
h69621,Best Western Premier Empire State Hotel,New York W 32nd St. Station,6
h69621,Best Western Premier Empire State Hotel,John F. Kennedy Intl. Airport (JFK),282
h95937,The Knickerbocker Hotel,Times Sq.42 St. Station,2
h95937,The Knickerbocker Hotel,New York W 32nd St. Station,11
h95937,The Knickerbocker Hotel,LaGuardia Airport (LGA),174
h78472,Hotel Richland LES,E Broadway Station,4
h78472,Hotel Richland LES,New York 9th St. Station,30
h78472,Hotel Richland LES,John F. Kennedy Intl. Airport (JFK),300
h69402,Comfort Inn JFK Airport,Terminal 1,18
h69402,Comfort Inn JFK Airport,Jamaica Locust Manor Station,24
h69402,Comfort Inn JFK Airport,John F. Kennedy Intl. Airport (JFK),12
h11522,Hotel On Rivington,Delancey St. Station,2
h11522,Hotel On Rivington,New York 9th St. Station,24
h11522,Hotel On Rivington,John F. Kennedy Intl. Airport (JFK),288
h06946,The Lombardy Hotel,51 St. Station,3
h06946,The Lombardy Hotel,Grand Central42 St. Station,14
h06946,The Lombardy Hotel,LaGuardia Airport (LGA),156
h29157,Hotel Mimosa,Brooklyn Flatbush Avenue Station,30
h29157,Hotel Mimosa,E Broadway Station,5
h29157,Hotel Mimosa,LaGuardia Airport (LGA),162
h63308,SpringHill Suites by Marriott New York Manhattan/Chelsea,28 St. Station (7th Av.),1
h63308,SpringHill Suites by Marriott New York Manhattan/Chelsea,New York W 32nd St. Station,6
h63308,SpringHill Suites by Marriott New York Manhattan/Chelsea,John F. Kennedy Intl. Airport (JFK),306
h22020,"Holiday Inn New York City - Wall Street, an IHG Hotel",Fulton St. Station (Nassau St.),2
h22020,"Holiday Inn New York City - Wall Street, an IHG Hotel",New York Christopher St. Station,30
h22020,"Holiday Inn New York City - Wall Street, an IHG Hotel",LaGuardia Airport (LGA),174
h12503,11 Howard,Canal St. Station (Lafayette St.),2
h12503,11 Howard,New York Christopher St. Station,18
h12503,11 Howard,John F. Kennedy Intl. Airport (JFK),318
h74017,Chelsea Pines Inn,8 Av. Station (W 14th St.),1
h74017,Chelsea Pines Inn,New York 14th St. Station,9
h74017,Chelsea Pines Inn,John F. Kennedy Intl. Airport (JFK),318
h17269,Hotel Hayden,28 St. Station (7th Av.),2
h17269,Hotel Hayden,New York W 32nd St. Station,6
h17269,Hotel Hayden,John F. Kennedy Intl. Airport (JFK),300
h12058,San Carlos Hotel,Lexington Av.-53 St. Station,4
h12058,San Carlos Hotel,Grand Central42 St. Station,11
h12058,San Carlos Hotel,John F. Kennedy Intl. Airport (JFK),282
h06697,OYO Times Square,49th St. Station,1
h06697,OYO Times Square,Grand Central42 St. Station,15
h06697,OYO Times Square,John F. Kennedy Intl. Airport (JFK),342
h74512,The Marmara Park Avenue,33 St. Station (Park Av. S),1
h74512,The Marmara Park Avenue,New York W 32nd St. Station,8
h74512,The Marmara Park Avenue,John F. Kennedy Intl. Airport (JFK),270
h40338,Trump International Hotel & Tower New York,59 St.Columbus Circle Station,2
h40338,Trump International Hotel & Tower New York,Penn Station,24
h40338,Trump International Hotel & Tower New York,LaGuardia Airport (LGA),180
h02714,Park Lane New York,57 St. Station,3
h02714,Park Lane New York,New York W 32nd St. Station,24
h02714,Park Lane New York,John F. Kennedy Intl. Airport (JFK),312
h20123,Hotel Belleclaire,79 St. Station,3
h20123,Hotel Belleclaire,New York W 32nd St. Station,30
h20123,Hotel Belleclaire,John F. Kennedy Intl. Airport (JFK),342
h54449,"Holiday Inn Express Manhattan Times Square South, an IHG Hotel",34 St. Station (Herald Square),2
h54449,"Holiday Inn Express Manhattan Times Square South, an IHG Hotel",New York W 32nd St. Station,4
h54449,"Holiday Inn Express Manhattan Times Square South, an IHG Hotel",LaGuardia Airport (LGA),156
h17218,"Holiday Inn Manhattan 6th Ave - Chelsea, an IHG Hotel",New York 23rd St. Station,4
h17218,"Holiday Inn Manhattan 6th Ave - Chelsea, an IHG Hotel",28 St. Station (7th Av.),4
h17218,"Holiday Inn Manhattan 6th Ave - Chelsea, an IHG Hotel",LaGuardia Airport (LGA),174
h03229,Kixby,34 St. Station (Herald Square),3
h03229,Kixby,New York W 32nd St. Station,4
h03229,Kixby,LaGuardia Airport (LGA),162
h53414,JW Marriott Essex House New York,57 St. Station,3
h53414,JW Marriott Essex House New York,New York W 32nd St. Station,24
h53414,JW Marriott Essex House New York,LaGuardia Airport (LGA),66
h12399,Edge Hotel,Bronx Tremont Station,18
h12399,Edge Hotel,168 St. Station (Broadway),4
h12399,Edge Hotel,John F. Kennedy Intl. Airport (JFK),294
h19419,"Candlewood Suites New York City-Times Square, an IHG Hotel",34 St.Penn Station,8
h19419,"Candlewood Suites New York City-Times Square, an IHG Hotel",Penn Station,10
h19419,"Candlewood Suites New York City-Times Square, an IHG Hotel",John F. Kennedy Intl. Airport (JFK),318
h36859,Hotel Scherman,49th St. Station,6
h36859,Hotel Scherman,Penn Station,17
h36859,Hotel Scherman,John F. Kennedy Intl. Airport (JFK),324
h78763,Hudson River Hotel,34th Street–Hudson Yards Station,5
h78763,Hudson River Hotel,Penn Station,10
h78763,Hudson River Hotel,John F. Kennedy Intl. Airport (JFK),312
h21754,The Standard East Village,Astor Pl. Station,3
h21754,The Standard East Village,New York 9th St. Station,14
h21754,The Standard East Village,John F. Kennedy Intl. Airport (JFK),336
h21429,Thompson Central Park - New York,5 Av.-53 St. Station,2
h21429,Thompson Central Park - New York,New York W 32nd St. Station,24
h21429,Thompson Central Park - New York,John F. Kennedy Intl. Airport (JFK),330
h26731,Madison LES Hotel,E Broadway Station,4
h26731,Madison LES Hotel,Brooklyn Flatbush Avenue Station,36
h26731,Madison LES Hotel,John F. Kennedy Intl. Airport (JFK),294
h71387,The Moore,23 St. Station (8th Av.),2
h71387,The Moore,New York 23rd St. Station,8
h71387,The Moore,John F. Kennedy Intl. Airport (JFK),318
h18352,The Shoreham Hotel,5 Av.-53 St. Station,4
h18352,The Shoreham Hotel,Grand Central42 St. Station,18
h18352,The Shoreham Hotel,John F. Kennedy Intl. Airport (JFK),324
h66536,Henn na Hotel New York,34 St.Penn Station (Fashion Av.),3
h66536,Henn na Hotel New York,Penn Station,5
h66536,Henn na Hotel New York,John F. Kennedy Intl. Airport (JFK),306
h48677,Hyatt Place New York Midtown South,34 St. Station (Herald Square),4
h48677,Hyatt Place New York Midtown South,New York W 32nd St. Station,5
h48677,Hyatt Place New York Midtown South,LaGuardia Airport (LGA),150
h25718,"Holiday Inn Express New York City- Wall Street, an IHG Hotel",Wall St. Station,3
h25718,"Holiday Inn Express New York City- Wall Street, an IHG Hotel",New York Christopher St. Station,36
h25718,"Holiday Inn Express New York City- Wall Street, an IHG Hotel",John F. Kennedy Intl. Airport (JFK),270
h58131,"Holiday Inn Express & Suites Woodside Queens NYC, an IHG Hotel",Woodside Station,9
h58131,"Holiday Inn Express & Suites Woodside Queens NYC, an IHG Hotel",69 St. Station,12
h58131,"Holiday Inn Express & Suites Woodside Queens NYC, an IHG Hotel",LaGuardia Airport (LGA),90
h31160,Equinox Hotel New York,34th Street–Hudson Yards Station,2
h31160,Equinox Hotel New York,Penn Station,12
h31160,Equinox Hotel New York,LaGuardia Airport (LGA),210
h74799,Hard Rock Hotel New York,49th St. Station,3
h74799,Hard Rock Hotel New York,Grand Central42 St. Station,16
h74799,Hard Rock Hotel New York,John F. Kennedy Intl. Airport (JFK),318
h22776,"The Chatwal, In The Unbound Collection By Hyatt",5 Av Station (W. 42nd St.),3
h22776,"The Chatwal, In The Unbound Collection By Hyatt",New York W 32nd St. Station,14
h22776,"The Chatwal, In The Unbound Collection By Hyatt",John F. Kennedy Intl. Airport (JFK),300
h81992,Sonder The William,Grand Central42 St. Station,5
h81992,Sonder The William,42 St.Bryant Pk. Station,8
h81992,Sonder The William,John F. Kennedy Intl. Airport (JFK),282
h11162,Hotel Elysee by Library Hotel Collection,51 St. Station,2
h11162,Hotel Elysee by Library Hotel Collection,Grand Central42 St. Station,13
h11162,Hotel Elysee by Library Hotel Collection,LaGuardia Airport (LGA),168
h27745,Ramada by Wyndham New York Times Square West,49th St. Station,9
h27745,Ramada by Wyndham New York Times Square West,Penn Station,15
h27745,Ramada by Wyndham New York Times Square West,John F. Kennedy Intl. Airport (JFK),324
h22688,Canal Loft Hotel,New York 9th St. Station,30
h22688,Canal Loft Hotel,Grand St. Station (Chrystie St.),5
h22688,Canal Loft Hotel,John F. Kennedy Intl. Airport (JFK),300
h24718,Hilton Club West 57th Street New York,5 Av.-53 St. Station,3
h24718,Hilton Club West 57th Street New York,New York W 32nd St. Station,24
h24718,Hilton Club West 57th Street New York,LaGuardia Airport (LGA),174
h35051,Andaz 5th Avenue - a concept by Hyatt,5 Av Station (W. 42nd St.),5
h35051,Andaz 5th Avenue - a concept by Hyatt,Grand Central42 St. Station,7
h35051,Andaz 5th Avenue - a concept by Hyatt,LaGuardia Airport (LGA),156
h11853,Carnegie Hotel,New York W 32nd St. Station,24
h11853,Carnegie Hotel,7 Av. Station (E 53rd St.),4
h11853,Carnegie Hotel,LaGuardia Airport (LGA),186
h19762,The Allen Hotel,New York 9th St. Station,24
h19762,The Allen Hotel,Delancey St. Station,4
h19762,The Allen Hotel,LaGuardia Airport (LGA),84
h57330,SIXTY SoHo,Spring St. Station (Vandam St.),4
h57330,SIXTY SoHo,New York Christopher St. Station,16
h57330,SIXTY SoHo,LaGuardia Airport (LGA),198
h97064,Hampton Inn Manhattan-Seaport-Financial District,Brooklyn Flatbush Avenue Station,30
h97064,Hampton Inn Manhattan-Seaport-Financial District,Fulton St. Station (William St.),6
h97064,Hampton Inn Manhattan-Seaport-Financial District,LaGuardia Airport (LGA),162
h11559,New York Marriott Downtown,Rector St. Station (Greenwich St.),3
h11559,New York Marriott Downtown,New York Christopher St. Station,24
h11559,New York Marriott Downtown,Newark Liberty Intl. Airport (EWR),156
h25664,"voco The Franklin New York, an IHG Hotel",86 St. Station (Lexington Av.),2
h25664,"voco The Franklin New York, an IHG Hotel",New York Harlem 125th St. Station,24
h25664,"voco The Franklin New York, an IHG Hotel",John F. Kennedy Intl. Airport (JFK),294
h64402,TownePlace Suites by Marriott New York Manhattan/Chelsea,28 St. Station (7th Av.),1
h64402,TownePlace Suites by Marriott New York Manhattan/Chelsea,New York W 32nd St. Station,6
h64402,TownePlace Suites by Marriott New York Manhattan/Chelsea,John F. Kennedy Intl. Airport (JFK),306
h79877,Hampton Inn NY-JFK,Aqueduct North Conduit Av. Station,24
h79877,Hampton Inn NY-JFK,Jamaica Station,30
h79877,Hampton Inn NY-JFK,John F. Kennedy Intl. Airport (JFK),12
h60770,Fairfield Inn & Suites New York Manhattan/Downtown East,E Broadway Station,3
h60770,Fairfield Inn & Suites New York Manhattan/Downtown East,New York 9th St. Station,30
h60770,Fairfield Inn & Suites New York Manhattan/Downtown East,John F. Kennedy Intl. Airport (JFK),294
h70910,Hotel Hugo,Spring St. Station (Vandam St.),5
h70910,Hotel Hugo,New York Christopher St. Station,9
h70910,Hotel Hugo,LaGuardia Airport (LGA),204
h86389,Fairfield Inn by Marriott JFK Airport,Jamaica Locust Manor Station,12
h86389,Fairfield Inn by Marriott JFK Airport,Terminal 1,24
h86389,Fairfield Inn by Marriott JFK Airport,John F. Kennedy Intl. Airport (JFK),30
h25559,Loews Regency New York Hotel,Lexington Av.-59 St. Station,3
h25559,Loews Regency New York Hotel,Grand Central42 St. Station,19
h25559,Loews Regency New York Hotel,LaGuardia Airport (LGA),162
h71674,Best Western Plus Soho Hotel,Canal St. Station (Lafayette St.),1
h71674,Best Western Plus Soho Hotel,New York Christopher St. Station,24
h71674,Best Western Plus Soho Hotel,John F. Kennedy Intl. Airport (JFK),300
h47586,The Ned NoMad,28 St. Station (Broadway),1
h47586,The Ned NoMad,New York W 32nd St. Station,5
h47586,The Ned NoMad,John F. Kennedy Intl. Airport (JFK),312
h36268,Hotel Mulberry,New York Christopher St. Station,24
h36268,Hotel Mulberry,Canal St. Station (Lafayette St.),6
h36268,Hotel Mulberry,John F. Kennedy Intl. Airport (JFK),306
h80573,Leon Hotel LES,New York Christopher St. Station,24
h80573,Leon Hotel LES,Grand St. Station (Chrystie St.),4
h80573,Leon Hotel LES,LaGuardia Airport (LGA),168
h22928,Smyth Tribeca,Chambers St. Station (Hudson St.),1
h22928,Smyth Tribeca,New York Christopher St. Station,24
h22928,Smyth Tribeca,John F. Kennedy Intl. Airport (JFK),276
h20213,"The Pierre, A Taj Hotel, New York",5 Av.- 60 St. Station,2
h20213,"The Pierre, A Taj Hotel, New York",New York W 32nd St. Station,24
h20213,"The Pierre, A Taj Hotel, New York",John F. Kennedy Intl. Airport (JFK),312
h20868,33 Seaport Hotel New York,Brooklyn Flatbush Avenue Station,30
h20868,33 Seaport Hotel New York,Fulton St. Station (William St.),7
h20868,33 Seaport Hotel New York,John F. Kennedy Intl. Airport (JFK),282
h12117,Arthouse Hotel New York City,79 St. Station,3
h12117,Arthouse Hotel New York City,New York W 32nd St. Station,36
h12117,Arthouse Hotel New York City,LaGuardia Airport (LGA),204
h48185,Cachet Boutique New York,34th Street–Hudson Yards Station,10
h48185,Cachet Boutique New York,Penn Station,18
h48185,Cachet Boutique New York,Newark Liberty Intl. Airport (EWR),162
h04818,Lotte New York Palace,51 St. Station,5
h04818,Lotte New York Palace,Grand Central42 St. Station,10
h04818,Lotte New York Palace,LaGuardia Airport (LGA),186
h42348,Conrad New York Downtown,World Trade Center Station,6
h42348,Conrad New York Downtown,Jersey City Exchange Place Station,18
h42348,Conrad New York Downtown,LaGuardia Airport (LGA),192
h23855,The Peninsula New York,5 Av.-53 St. Station,3
h23855,The Peninsula New York,Grand Central42 St. Station,17
h23855,The Peninsula New York,LaGuardia Airport (LGA),174
h51485,"Holiday Inn NYC - Lower East Side, an IHG Hotel",Essex St. Station,1
h51485,"Holiday Inn NYC - Lower East Side, an IHG Hotel",New York 9th St. Station,30
h51485,"Holiday Inn NYC - Lower East Side, an IHG Hotel",LaGuardia Airport (LGA),150
h22244,The Gatsby Hotel,2 Av. Station,2
h22244,The Gatsby Hotel,New York 9th St. Station,18
h22244,The Gatsby Hotel,John F. Kennedy Intl. Airport (JFK),306
h48621,"The Draper New York, Tapestry Collection by Hilton",34 St. Station (Herald Square),6
h48621,"The Draper New York, Tapestry Collection by Hilton",New York W 32nd St. Station,7
h48621,"The Draper New York, Tapestry Collection by Hilton",John F. Kennedy Intl. Airport (JFK),294
h19175,John Hotel,Flushing Main St. Station,7
h19175,John Hotel,MetsWillets Point Station,16
h19175,John Hotel,LaGuardia Airport (LGA),36
h13432,The Park Ave North,New York Harlem 125th St. Station,4
h13432,The Park Ave North,125 St. Station (Lexington Av.),7
h13432,The Park Ave North,John F. Kennedy Intl. Airport (JFK),264
h91710,Restgate Hotel,Long Island City Hunterspoint Avenue Station,18
h91710,Restgate Hotel,39 Av. Station,4
h91710,Restgate Hotel,John F. Kennedy Intl. Airport (JFK),264
h18311,The Hilton Club - New York,7 Av. Station (E 53rd St.),4
h18311,The Hilton Club - New York,Grand Central42 St. Station,19
h18311,The Hilton Club - New York,LaGuardia Airport (LGA),180
h68333,Four Points by Sheraton Flushing,MetsWillets Point Station,12
h68333,Four Points by Sheraton Flushing,Flushing Main St. Station,9
h68333,Four Points by Sheraton Flushing,LaGuardia Airport (LGA),48
h36299,"The Langham, New York, Fifth Avenue",34 St. Station (Herald Square),7
h36299,"The Langham, New York, Fifth Avenue",New York W 32nd St. Station,8
h36299,"The Langham, New York, Fifth Avenue",John F. Kennedy Intl. Airport (JFK),276
h97596,Baccarat Hotel and Residences New York,7 Av. Station (E 53rd St.),5
h97596,Baccarat Hotel and Residences New York,Grand Central42 St. Station,16
h97596,Baccarat Hotel and Residences New York,John F. Kennedy Intl. Airport (JFK),330
h22015,The Gardens Sonesta ES Suites New York,Lexington Av.-63 St. Station,3
h22015,The Gardens Sonesta ES Suites New York,New York W 32nd St. Station,30
h22015,The Gardens Sonesta ES Suites New York,John F. Kennedy Intl. Airport (JFK),288
h35782,TownePlace Suites by Marriott New York Long Island City/Manhattan View,Long Island City Hunterspoint Avenue Station,18
h35782,TownePlace Suites by Marriott New York Long Island City/Manhattan View,21 St.Queensbridge Station,6
h35782,TownePlace Suites by Marriott New York Long Island City/Manhattan View,John F. Kennedy Intl. Airport (JFK),282
h36810,ModernHaus SoHo,Canal St. Station (Varick St.),2
h36810,ModernHaus SoHo,New York Christopher St. Station,16
h36810,ModernHaus SoHo,LaGuardia Airport (LGA),192
h28044,The Plaza Hotel,New York W 32nd St. Station,24
h28044,The Plaza Hotel,5 Av.- 60 St. Station,4
h28044,The Plaza Hotel,John F. Kennedy Intl. Airport (JFK),318
h15438,Four Seasons Hotel New York Downtown,World Trade Center Station,2
h15438,Four Seasons Hotel New York Downtown,New York Christopher St. Station,24
h15438,Four Seasons Hotel New York Downtown,LaGuardia Airport (LGA),174
h68983,Vybe Hotel,Wakefield Station,1
h68983,Vybe Hotel,Bronx Wakefield Station,8
h68983,Vybe Hotel,John F. Kennedy Intl. Airport (JFK),282
h55444,The Wall Street Hotel,Wall St. Station,2
h55444,The Wall Street Hotel,New York Christopher St. Station,36
h55444,The Wall Street Hotel,John F. Kennedy Intl. Airport (JFK),270
h38787,Aloft Harlem,125 St. Station (St Nicholas Av.),3
h38787,Aloft Harlem,New York Harlem 125th St. Station,15
h38787,Aloft Harlem,LaGuardia Airport (LGA),132
h22059,Courtyard by Marriott New York City Manhattan Fifth Avenue,42 St.Bryant Pk. Station,5
h22059,Courtyard by Marriott New York City Manhattan Fifth Avenue,Grand Central42 St. Station,6
h22059,Courtyard by Marriott New York City Manhattan Fifth Avenue,LaGuardia Airport (LGA),156
h11074,The Solita Soho Hotel,Canal St. Station (Lafayette St.),3
h11074,The Solita Soho Hotel,New York Christopher St. Station,24
h11074,The Solita Soho Hotel,John F. Kennedy Intl. Airport (JFK),324
h26921,Collective Governors Island,Smith9 Sts. Station,18
h26921,Collective Governors Island,Brooklyn Flatbush Avenue Station,36
h26921,Collective Governors Island,John F. Kennedy Intl. Airport (JFK),234
h38441,Ramada by Wyndham Staten Island,Bayonne 8 Street Station,30
h38441,Ramada by Wyndham Staten Island,Grasmere Station,42
h38441,Ramada by Wyndham Staten Island,Newark Liberty Intl. Airport (EWR),84
h12092,Comfort Inn & Suites LaGuardia Airport,Woodside Station,18
h12092,Comfort Inn & Suites LaGuardia Airport,69 St. Station,18
h12092,Comfort Inn & Suites LaGuardia Airport,LaGuardia Airport (LGA),102
h14840,LIC Hotel,23 St.Ely Av. Station,2
h14840,LIC Hotel,Long Island City Hunterspoint Avenue Station,12
h14840,LIC Hotel,John F. Kennedy Intl. Airport (JFK),264
h86822,NobleDEN Hotel,New York 9th St. Station,24
h86822,NobleDEN Hotel,Grand St. Station (Chrystie St.),4
h86822,NobleDEN Hotel,John F. Kennedy Intl. Airport (JFK),318
h13126,Courtyard by Marriott New York Manhattan/Upper East Side,New York Harlem 125th St. Station,24
h13126,Courtyard by Marriott New York Manhattan/Upper East Side,East 86th Street Station,9
h13126,Courtyard by Marriott New York Manhattan/Upper East Side,LaGuardia Airport (LGA),114
h92723,Residence Inn Marriott New York Downtown Manhattan/WTC Area,Fulton St. Station (Broadway),2
h92723,Residence Inn Marriott New York Downtown Manhattan/WTC Area,New York Christopher St. Station,30
h92723,Residence Inn Marriott New York Downtown Manhattan/WTC Area,LaGuardia Airport (LGA),180
h12211,Hilton New York JFK Airport,Jamaica Station,24
h12211,Hilton New York JFK Airport,Terminal 1,24
h12211,Hilton New York JFK Airport,John F. Kennedy Intl. Airport (JFK),48
h76509,Park Hyatt New York,New York W 32nd St. Station,24
h76509,Park Hyatt New York,5 Av.-53 St. Station,5
h76509,Park Hyatt New York,John F. Kennedy Intl. Airport (JFK),318
h16010,The Bowery Hotel,2 Av. Station,4
h16010,The Bowery Hotel,New York 9th St. Station,16
h16010,The Bowery Hotel,John F. Kennedy Intl. Airport (JFK),318
h11858,The Mercer,Prince St. Station,2
h11858,The Mercer,New York Christopher St. Station,16
h11858,The Mercer,John F. Kennedy Intl. Airport (JFK),318
h65183,The Broome Nyc,New York Christopher St. Station,18
h65183,The Broome Nyc,Spring St. Station,3
h65183,The Broome Nyc,LaGuardia Airport (LGA),180
h15040,Heritage Hotel,23 St. Station (5th Av.),3
h15040,Heritage Hotel,New York 23rd St. Station,4
h15040,Heritage Hotel,John F. Kennedy Intl. Airport (JFK),312
h91634,"Mandarin Oriental, New York",59 St.Columbus Circle Station,1
h91634,"Mandarin Oriental, New York",New York W 32nd St. Station,24
h91634,"Mandarin Oriental, New York",John F. Kennedy Intl. Airport (JFK),366
h30468,"Hotel Indigo Flushing, an IHG Hotel",Flushing Main St. Station,8
h30468,"Hotel Indigo Flushing, an IHG Hotel",MetsWillets Point Station,19
h30468,"Hotel Indigo Flushing, an IHG Hotel",LaGuardia Airport (LGA),42
h13400,Four Points By Sheraton New York Downtown,Fulton St. Station (William St.),4
h13400,Four Points By Sheraton New York Downtown,New York Christopher St. Station,36
h13400,Four Points By Sheraton New York Downtown,John F. Kennedy Intl. Airport (JFK),282
h82868,Moxy Brooklyn Willamsburg,Brooklyn Nostrand Avenue Station,42
h82868,Moxy Brooklyn Willamsburg,Marcy Av. Station,7
h82868,Moxy Brooklyn Willamsburg,John F. Kennedy Intl. Airport (JFK),246
h74224,Hotel Beacon,72nd St. Station (Broadway),4
h74224,Hotel Beacon,New York W 32nd St. Station,30
h74224,Hotel Beacon,John F. Kennedy Intl. Airport (JFK),342
h70098,Pestana CR7 Times Square,34 St.Penn Station,8
h70098,Pestana CR7 Times Square,Penn Station,10
h70098,Pestana CR7 Times Square,John F. Kennedy Intl. Airport (JFK),318
h16044,Casamia 36 Hotel,34th Street–Hudson Yards Station,4
h16044,Casamia 36 Hotel,Penn Station,10
h16044,Casamia 36 Hotel,John F. Kennedy Intl. Airport (JFK),318
h06365,The St. Regis New York,5 Av.-53 St. Station,4
h06365,The St. Regis New York,Grand Central42 St. Station,16
h06365,The St. Regis New York,Newark Liberty Intl. Airport (EWR),222
h19712,The Mark,77 St. Station (Lexington Av.),4
h19712,The Mark,New York Harlem 125th St. Station,30
h19712,The Mark,John F. Kennedy Intl. Airport (JFK),318
h33233,"The L Hotel, Ascend Hotel Collection",Brooklyn Flatbush Avenue Station,24
h33233,"The L Hotel, Ascend Hotel Collection",36 St. Station (4th Av.),4
h33233,"The L Hotel, Ascend Hotel Collection",John F. Kennedy Intl. Airport (JFK),240
h38871,"Vista LIC Hotel, BW Premier Collection",Long Island City Hunterspoint Avenue Station,18
h38871,"Vista LIC Hotel, BW Premier Collection",39 Av. Station,7
h38871,"Vista LIC Hotel, BW Premier Collection",John F. Kennedy Intl. Airport (JFK),270
h41952,The Towers at Lotte New York Palace,51 St. Station,6
h41952,The Towers at Lotte New York Palace,Grand Central42 St. Station,10
h41952,The Towers at Lotte New York Palace,LaGuardia Airport (LGA),186
